[
{
  "model": "admin.logentry",
  "pk": 1,
  "fields": {
    "action_time": "2023-09-18T17:01:58.842Z",
    "user": 1,
    "content_type": 7,
    "object_id": "1",
    "object_repr": "HW",
    "action_flag": 1,
    "change_message": "[{\"added\": {}}]"
  }
},
{
  "model": "admin.logentry",
  "pk": 2,
  "fields": {
    "action_time": "2023-09-19T23:00:27.736Z",
    "user": 1,
    "content_type": 7,
    "object_id": "6",
    "object_repr": "Lab 01",
    "action_flag": 1,
    "change_message": "[{\"added\": {}}]"
  }
},
{
  "model": "admin.logentry",
  "pk": 3,
  "fields": {
    "action_time": "2023-09-19T23:04:49.787Z",
    "user": 1,
    "content_type": 7,
    "object_id": "7",
    "object_repr": "Draft",
    "action_flag": 1,
    "change_message": "[{\"added\": {}}]"
  }
},
{
  "model": "admin.logentry",
  "pk": 4,
  "fields": {
    "action_time": "2023-09-19T23:06:38.498Z",
    "user": 1,
    "content_type": 4,
    "object_id": "1",
    "object_repr": "admin",
    "action_flag": 2,
    "change_message": "[{\"changed\": {\"fields\": [\"First name\", \"Last name\"]}}]"
  }
},
{
  "model": "admin.logentry",
  "pk": 5,
  "fields": {
    "action_time": "2023-09-21T16:25:22.393Z",
    "user": 1,
    "content_type": 7,
    "object_id": "5",
    "object_repr": "333",
    "action_flag": 3,
    "change_message": ""
  }
},
{
  "model": "admin.logentry",
  "pk": 6,
  "fields": {
    "action_time": "2023-09-21T16:25:35.948Z",
    "user": 1,
    "content_type": 7,
    "object_id": "4",
    "object_repr": "2222",
    "action_flag": 3,
    "change_message": ""
  }
},
{
  "model": "admin.logentry",
  "pk": 7,
  "fields": {
    "action_time": "2023-09-29T18:12:25.502Z",
    "user": 1,
    "content_type": 7,
    "object_id": "1",
    "object_repr": "ttttt",
    "action_flag": 1,
    "change_message": "[{\"added\": {}}]"
  }
},
{
  "model": "admin.logentry",
  "pk": 8,
  "fields": {
    "action_time": "2023-10-06T06:49:54.767Z",
    "user": 1,
    "content_type": 7,
    "object_id": "2",
    "object_repr": "kkkk",
    "action_flag": 1,
    "change_message": "[{\"added\": {}}]"
  }
},
{
  "model": "admin.logentry",
  "pk": 9,
  "fields": {
    "action_time": "2023-10-06T07:09:54.098Z",
    "user": 1,
    "content_type": 7,
    "object_id": "3",
    "object_repr": "YYYYY",
    "action_flag": 1,
    "change_message": "[{\"added\": {}}]"
  }
},
{
  "model": "admin.logentry",
  "pk": 10,
  "fields": {
    "action_time": "2023-10-08T05:22:36.227Z",
    "user": 1,
    "content_type": 7,
    "object_id": "1",
    "object_repr": "“Scooby Doo Meets the Boo Brothers”",
    "action_flag": 2,
    "change_message": "[{\"changed\": {\"fields\": [\"Title\", \"Slug\", \"Status\", \"Tags\"]}}]"
  }
},
{
  "model": "admin.logentry",
  "pk": 11,
  "fields": {
    "action_time": "2023-10-08T05:23:26.326Z",
    "user": 1,
    "content_type": 7,
    "object_id": "2",
    "object_repr": "“Scooby Doo and the Ghoul School”",
    "action_flag": 2,
    "change_message": "[{\"changed\": {\"fields\": [\"Title\", \"Publish\", \"Tags\"]}}]"
  }
},
{
  "model": "admin.logentry",
  "pk": 12,
  "fields": {
    "action_time": "2023-10-08T05:24:03.565Z",
    "user": 1,
    "content_type": 7,
    "object_id": "3",
    "object_repr": "“Scooby Doo! and the Relctant Werewolf”",
    "action_flag": 2,
    "change_message": "[{\"changed\": {\"fields\": [\"Title\", \"Publish\", \"Tags\"]}}]"
  }
},
{
  "model": "admin.logentry",
  "pk": 13,
  "fields": {
    "action_time": "2023-10-08T05:24:59.261Z",
    "user": 1,
    "content_type": 7,
    "object_id": "4",
    "object_repr": "“Scooby Doo on Zombie Island”",
    "action_flag": 1,
    "change_message": "[{\"added\": {}}]"
  }
},
{
  "model": "admin.logentry",
  "pk": 14,
  "fields": {
    "action_time": "2023-10-08T05:25:55.563Z",
    "user": 1,
    "content_type": 7,
    "object_id": "5",
    "object_repr": "“Scooby Doo! Camp Scare”",
    "action_flag": 1,
    "change_message": "[{\"added\": {}}]"
  }
},
{
  "model": "admin.logentry",
  "pk": 15,
  "fields": {
    "action_time": "2023-10-10T15:26:32.901Z",
    "user": 1,
    "content_type": 7,
    "object_id": "1",
    "object_repr": "“Scooby Doo Meets the Boo Brothers”",
    "action_flag": 2,
    "change_message": "[{\"changed\": {\"fields\": [\"Tags\"]}}]"
  }
},
{
  "model": "admin.logentry",
  "pk": 16,
  "fields": {
    "action_time": "2023-10-10T15:26:50.635Z",
    "user": 1,
    "content_type": 7,
    "object_id": "4",
    "object_repr": "“Scooby Doo on Zombie Island”",
    "action_flag": 2,
    "change_message": "[{\"changed\": {\"fields\": [\"Tags\"]}}]"
  }
},
{
  "model": "admin.logentry",
  "pk": 17,
  "fields": {
    "action_time": "2023-10-10T15:27:56.187Z",
    "user": 1,
    "content_type": 7,
    "object_id": "1",
    "object_repr": "“Scooby Doo Meets the Boo Brothers”",
    "action_flag": 2,
    "change_message": "[{\"changed\": {\"fields\": [\"Tags\"]}}]"
  }
},
{
  "model": "admin.logentry",
  "pk": 18,
  "fields": {
    "action_time": "2023-10-10T15:28:35.793Z",
    "user": 1,
    "content_type": 7,
    "object_id": "1",
    "object_repr": "“Scooby Doo Meets the Boo Brothers”",
    "action_flag": 2,
    "change_message": "[{\"changed\": {\"fields\": [\"Tags\"]}}]"
  }
},
{
  "model": "admin.logentry",
  "pk": 19,
  "fields": {
    "action_time": "2023-10-10T15:28:57.696Z",
    "user": 1,
    "content_type": 7,
    "object_id": "4",
    "object_repr": "“Scooby Doo on Zombie Island”",
    "action_flag": 2,
    "change_message": "[{\"changed\": {\"fields\": [\"Tags\"]}}]"
  }
},
{
  "model": "admin.logentry",
  "pk": 20,
  "fields": {
    "action_time": "2023-10-14T08:35:00.795Z",
    "user": 1,
    "content_type": 7,
    "object_id": "5",
    "object_repr": "“Scooby Doo! Camp Scare”",
    "action_flag": 2,
    "change_message": "[{\"changed\": {\"fields\": [\"Body\"]}}]"
  }
},
{
  "model": "admin.logentry",
  "pk": 21,
  "fields": {
    "action_time": "2023-10-14T08:36:02.212Z",
    "user": 1,
    "content_type": 7,
    "object_id": "4",
    "object_repr": "“Scooby Doo on Zombie Island”",
    "action_flag": 2,
    "change_message": "[{\"changed\": {\"fields\": [\"Body\"]}}]"
  }
},
{
  "model": "admin.logentry",
  "pk": 22,
  "fields": {
    "action_time": "2023-10-14T08:36:44.602Z",
    "user": 1,
    "content_type": 7,
    "object_id": "1",
    "object_repr": "“Scooby Doo Meets the Boo Brothers”",
    "action_flag": 2,
    "change_message": "[{\"changed\": {\"fields\": [\"Body\", \"Tags\"]}}]"
  }
},
{
  "model": "admin.logentry",
  "pk": 23,
  "fields": {
    "action_time": "2023-10-14T08:37:00.062Z",
    "user": 1,
    "content_type": 7,
    "object_id": "5",
    "object_repr": "“Scooby Doo! Camp Scare”",
    "action_flag": 2,
    "change_message": "[{\"changed\": {\"fields\": [\"Tags\"]}}]"
  }
},
{
  "model": "admin.logentry",
  "pk": 24,
  "fields": {
    "action_time": "2023-10-14T08:37:10.293Z",
    "user": 1,
    "content_type": 7,
    "object_id": "4",
    "object_repr": "“Scooby Doo on Zombie Island”",
    "action_flag": 2,
    "change_message": "[{\"changed\": {\"fields\": [\"Tags\"]}}]"
  }
},
{
  "model": "admin.logentry",
  "pk": 25,
  "fields": {
    "action_time": "2023-10-14T08:38:33.529Z",
    "user": 1,
    "content_type": 7,
    "object_id": "2",
    "object_repr": "Scooby Doo and the Ghoul School",
    "action_flag": 2,
    "change_message": "[{\"changed\": {\"fields\": [\"Title\", \"Slug\", \"Body\", \"Tags\"]}}]"
  }
},
{
  "model": "admin.logentry",
  "pk": 26,
  "fields": {
    "action_time": "2023-10-14T08:39:21.456Z",
    "user": 1,
    "content_type": 7,
    "object_id": "1",
    "object_repr": "Scooby Doo Meets the Boo Brothers",
    "action_flag": 2,
    "change_message": "[{\"changed\": {\"fields\": [\"Title\", \"Slug\"]}}]"
  }
},
{
  "model": "admin.logentry",
  "pk": 27,
  "fields": {
    "action_time": "2023-10-14T08:40:09.072Z",
    "user": 1,
    "content_type": 7,
    "object_id": "3",
    "object_repr": "Scooby Doo! and the Relctant Werewolf",
    "action_flag": 2,
    "change_message": "[{\"changed\": {\"fields\": [\"Title\", \"Slug\", \"Body\", \"Tags\"]}}]"
  }
},
{
  "model": "admin.logentry",
  "pk": 28,
  "fields": {
    "action_time": "2023-10-14T08:40:16.969Z",
    "user": 1,
    "content_type": 7,
    "object_id": "4",
    "object_repr": "Scooby Doo on Zombie Island",
    "action_flag": 2,
    "change_message": "[{\"changed\": {\"fields\": [\"Title\"]}}]"
  }
},
{
  "model": "admin.logentry",
  "pk": 29,
  "fields": {
    "action_time": "2023-10-14T08:40:24.973Z",
    "user": 1,
    "content_type": 7,
    "object_id": "5",
    "object_repr": "Scooby Doo! Camp Scare",
    "action_flag": 2,
    "change_message": "[{\"changed\": {\"fields\": [\"Title\"]}}]"
  }
},
{
  "model": "admin.logentry",
  "pk": 30,
  "fields": {
    "action_time": "2023-10-14T10:46:03.947Z",
    "user": 1,
    "content_type": 8,
    "object_id": "1",
    "object_repr": "Comment by tk on Scooby Doo and the Ghoul School",
    "action_flag": 3,
    "change_message": ""
  }
},
{
  "model": "admin.logentry",
  "pk": 31,
  "fields": {
    "action_time": "2023-10-14T10:46:03.951Z",
    "user": 1,
    "content_type": 8,
    "object_id": "2",
    "object_repr": "Comment by test on Scooby Doo on Zombie Island",
    "action_flag": 3,
    "change_message": ""
  }
},
{
  "model": "admin.logentry",
  "pk": 32,
  "fields": {
    "action_time": "2023-10-14T10:46:03.953Z",
    "user": 1,
    "content_type": 8,
    "object_id": "3",
    "object_repr": "Comment by Test on Scooby Doo on Zombie Island",
    "action_flag": 3,
    "change_message": ""
  }
},
{
  "model": "admin.logentry",
  "pk": 33,
  "fields": {
    "action_time": "2023-10-18T17:15:49.920Z",
    "user": 1,
    "content_type": 7,
    "object_id": "6",
    "object_repr": "Markdown post",
    "action_flag": 1,
    "change_message": "[{\"added\": {}}]"
  }
},
{
  "model": "admin.logentry",
  "pk": 34,
  "fields": {
    "action_time": "2023-10-18T17:16:27.511Z",
    "user": 1,
    "content_type": 7,
    "object_id": "6",
    "object_repr": "Markdown post",
    "action_flag": 2,
    "change_message": "[{\"changed\": {\"fields\": [\"Status\"]}}]"
  }
},
{
  "model": "admin.logentry",
  "pk": 35,
  "fields": {
    "action_time": "2023-10-18T17:17:05.814Z",
    "user": 1,
    "content_type": 7,
    "object_id": "6",
    "object_repr": "Markdown post",
    "action_flag": 2,
    "change_message": "[{\"changed\": {\"fields\": [\"Body\"]}}]"
  }
},
{
  "model": "admin.logentry",
  "pk": 36,
  "fields": {
    "action_time": "2023-10-18T17:17:28.364Z",
    "user": 1,
    "content_type": 7,
    "object_id": "6",
    "object_repr": "Markdown post",
    "action_flag": 2,
    "change_message": "[{\"changed\": {\"fields\": [\"Body\"]}}]"
  }
},
{
  "model": "admin.logentry",
  "pk": 37,
  "fields": {
    "action_time": "2023-10-19T19:39:56.814Z",
    "user": 1,
    "content_type": 11,
    "object_id": "1",
    "object_repr": "localhost:8000",
    "action_flag": 2,
    "change_message": "[{\"changed\": {\"fields\": [\"Domain name\", \"Display name\"]}}]"
  }
},
{
  "model": "auth.permission",
  "pk": 1,
  "fields": {
    "name": "Can add log entry",
    "content_type": 1,
    "codename": "add_logentry"
  }
},
{
  "model": "auth.permission",
  "pk": 2,
  "fields": {
    "name": "Can change log entry",
    "content_type": 1,
    "codename": "change_logentry"
  }
},
{
  "model": "auth.permission",
  "pk": 3,
  "fields": {
    "name": "Can delete log entry",
    "content_type": 1,
    "codename": "delete_logentry"
  }
},
{
  "model": "auth.permission",
  "pk": 4,
  "fields": {
    "name": "Can view log entry",
    "content_type": 1,
    "codename": "view_logentry"
  }
},
{
  "model": "auth.permission",
  "pk": 5,
  "fields": {
    "name": "Can add permission",
    "content_type": 2,
    "codename": "add_permission"
  }
},
{
  "model": "auth.permission",
  "pk": 6,
  "fields": {
    "name": "Can change permission",
    "content_type": 2,
    "codename": "change_permission"
  }
},
{
  "model": "auth.permission",
  "pk": 7,
  "fields": {
    "name": "Can delete permission",
    "content_type": 2,
    "codename": "delete_permission"
  }
},
{
  "model": "auth.permission",
  "pk": 8,
  "fields": {
    "name": "Can view permission",
    "content_type": 2,
    "codename": "view_permission"
  }
},
{
  "model": "auth.permission",
  "pk": 9,
  "fields": {
    "name": "Can add group",
    "content_type": 3,
    "codename": "add_group"
  }
},
{
  "model": "auth.permission",
  "pk": 10,
  "fields": {
    "name": "Can change group",
    "content_type": 3,
    "codename": "change_group"
  }
},
{
  "model": "auth.permission",
  "pk": 11,
  "fields": {
    "name": "Can delete group",
    "content_type": 3,
    "codename": "delete_group"
  }
},
{
  "model": "auth.permission",
  "pk": 12,
  "fields": {
    "name": "Can view group",
    "content_type": 3,
    "codename": "view_group"
  }
},
{
  "model": "auth.permission",
  "pk": 13,
  "fields": {
    "name": "Can add user",
    "content_type": 4,
    "codename": "add_user"
  }
},
{
  "model": "auth.permission",
  "pk": 14,
  "fields": {
    "name": "Can change user",
    "content_type": 4,
    "codename": "change_user"
  }
},
{
  "model": "auth.permission",
  "pk": 15,
  "fields": {
    "name": "Can delete user",
    "content_type": 4,
    "codename": "delete_user"
  }
},
{
  "model": "auth.permission",
  "pk": 16,
  "fields": {
    "name": "Can view user",
    "content_type": 4,
    "codename": "view_user"
  }
},
{
  "model": "auth.permission",
  "pk": 17,
  "fields": {
    "name": "Can add content type",
    "content_type": 5,
    "codename": "add_contenttype"
  }
},
{
  "model": "auth.permission",
  "pk": 18,
  "fields": {
    "name": "Can change content type",
    "content_type": 5,
    "codename": "change_contenttype"
  }
},
{
  "model": "auth.permission",
  "pk": 19,
  "fields": {
    "name": "Can delete content type",
    "content_type": 5,
    "codename": "delete_contenttype"
  }
},
{
  "model": "auth.permission",
  "pk": 20,
  "fields": {
    "name": "Can view content type",
    "content_type": 5,
    "codename": "view_contenttype"
  }
},
{
  "model": "auth.permission",
  "pk": 21,
  "fields": {
    "name": "Can add session",
    "content_type": 6,
    "codename": "add_session"
  }
},
{
  "model": "auth.permission",
  "pk": 22,
  "fields": {
    "name": "Can change session",
    "content_type": 6,
    "codename": "change_session"
  }
},
{
  "model": "auth.permission",
  "pk": 23,
  "fields": {
    "name": "Can delete session",
    "content_type": 6,
    "codename": "delete_session"
  }
},
{
  "model": "auth.permission",
  "pk": 24,
  "fields": {
    "name": "Can view session",
    "content_type": 6,
    "codename": "view_session"
  }
},
{
  "model": "auth.permission",
  "pk": 25,
  "fields": {
    "name": "Can add post",
    "content_type": 7,
    "codename": "add_post"
  }
},
{
  "model": "auth.permission",
  "pk": 26,
  "fields": {
    "name": "Can change post",
    "content_type": 7,
    "codename": "change_post"
  }
},
{
  "model": "auth.permission",
  "pk": 27,
  "fields": {
    "name": "Can delete post",
    "content_type": 7,
    "codename": "delete_post"
  }
},
{
  "model": "auth.permission",
  "pk": 28,
  "fields": {
    "name": "Can view post",
    "content_type": 7,
    "codename": "view_post"
  }
},
{
  "model": "auth.permission",
  "pk": 29,
  "fields": {
    "name": "Can add comment",
    "content_type": 8,
    "codename": "add_comment"
  }
},
{
  "model": "auth.permission",
  "pk": 30,
  "fields": {
    "name": "Can change comment",
    "content_type": 8,
    "codename": "change_comment"
  }
},
{
  "model": "auth.permission",
  "pk": 31,
  "fields": {
    "name": "Can delete comment",
    "content_type": 8,
    "codename": "delete_comment"
  }
},
{
  "model": "auth.permission",
  "pk": 32,
  "fields": {
    "name": "Can view comment",
    "content_type": 8,
    "codename": "view_comment"
  }
},
{
  "model": "auth.permission",
  "pk": 33,
  "fields": {
    "name": "Can add tag",
    "content_type": 9,
    "codename": "add_tag"
  }
},
{
  "model": "auth.permission",
  "pk": 34,
  "fields": {
    "name": "Can change tag",
    "content_type": 9,
    "codename": "change_tag"
  }
},
{
  "model": "auth.permission",
  "pk": 35,
  "fields": {
    "name": "Can delete tag",
    "content_type": 9,
    "codename": "delete_tag"
  }
},
{
  "model": "auth.permission",
  "pk": 36,
  "fields": {
    "name": "Can view tag",
    "content_type": 9,
    "codename": "view_tag"
  }
},
{
  "model": "auth.permission",
  "pk": 37,
  "fields": {
    "name": "Can add tagged item",
    "content_type": 10,
    "codename": "add_taggeditem"
  }
},
{
  "model": "auth.permission",
  "pk": 38,
  "fields": {
    "name": "Can change tagged item",
    "content_type": 10,
    "codename": "change_taggeditem"
  }
},
{
  "model": "auth.permission",
  "pk": 39,
  "fields": {
    "name": "Can delete tagged item",
    "content_type": 10,
    "codename": "delete_taggeditem"
  }
},
{
  "model": "auth.permission",
  "pk": 40,
  "fields": {
    "name": "Can view tagged item",
    "content_type": 10,
    "codename": "view_taggeditem"
  }
},
{
  "model": "auth.permission",
  "pk": 41,
  "fields": {
    "name": "Can add site",
    "content_type": 11,
    "codename": "add_site"
  }
},
{
  "model": "auth.permission",
  "pk": 42,
  "fields": {
    "name": "Can change site",
    "content_type": 11,
    "codename": "change_site"
  }
},
{
  "model": "auth.permission",
  "pk": 43,
  "fields": {
    "name": "Can delete site",
    "content_type": 11,
    "codename": "delete_site"
  }
},
{
  "model": "auth.permission",
  "pk": 44,
  "fields": {
    "name": "Can view site",
    "content_type": 11,
    "codename": "view_site"
  }
},
{
  "model": "auth.user",
  "pk": 1,
  "fields": {
    "password": "pbkdf2_sha256$600000$vs29mdlLjFsXKTLqfbEwFR$xT/MA9QQaWVLCRbcxLOIlRhGUuXWqhq61T1ofAFB9/k=",
    "last_login": "2023-10-06T06:12:21.417Z",
    "is_superuser": true,
    "username": "admin",
    "first_name": "Khalid",
    "last_name": "Hazazi",
    "email": "admin@admin.com",
    "is_staff": true,
    "is_active": true,
    "date_joined": "2023-09-18T17:00:57Z",
    "groups": [],
    "user_permissions": []
  }
},
{
  "model": "auth.user",
  "pk": 2,
  "fields": {
    "password": "pbkdf2_sha256$600000$RArDfsxSQymyrMHZbgUSbh$Ylqip3LhXPZpG7Jq1hxDl3kUuPLE2AIe1AG31FGJGV4=",
    "last_login": null,
    "is_superuser": true,
    "username": "hazazik1",
    "first_name": "",
    "last_name": "",
    "email": "hazazik1@udayton.edu",
    "is_staff": true,
    "is_active": true,
    "date_joined": "2023-09-19T22:21:41.108Z",
    "groups": [],
    "user_permissions": []
  }
},
{
  "model": "contenttypes.contenttype",
  "pk": 1,
  "fields": {
    "app_label": "admin",
    "model": "logentry"
  }
},
{
  "model": "contenttypes.contenttype",
  "pk": 2,
  "fields": {
    "app_label": "auth",
    "model": "permission"
  }
},
{
  "model": "contenttypes.contenttype",
  "pk": 3,
  "fields": {
    "app_label": "auth",
    "model": "group"
  }
},
{
  "model": "contenttypes.contenttype",
  "pk": 4,
  "fields": {
    "app_label": "auth",
    "model": "user"
  }
},
{
  "model": "contenttypes.contenttype",
  "pk": 5,
  "fields": {
    "app_label": "contenttypes",
    "model": "contenttype"
  }
},
{
  "model": "contenttypes.contenttype",
  "pk": 6,
  "fields": {
    "app_label": "sessions",
    "model": "session"
  }
},
{
  "model": "contenttypes.contenttype",
  "pk": 7,
  "fields": {
    "app_label": "blog",
    "model": "post"
  }
},
{
  "model": "contenttypes.contenttype",
  "pk": 8,
  "fields": {
    "app_label": "blog",
    "model": "comment"
  }
},
{
  "model": "contenttypes.contenttype",
  "pk": 9,
  "fields": {
    "app_label": "taggit",
    "model": "tag"
  }
},
{
  "model": "contenttypes.contenttype",
  "pk": 10,
  "fields": {
    "app_label": "taggit",
    "model": "taggeditem"
  }
},
{
  "model": "contenttypes.contenttype",
  "pk": 11,
  "fields": {
    "app_label": "sites",
    "model": "site"
  }
},
{
  "model": "sessions.session",
  "pk": "563z7953l8v78xjb2so0y8jak0bjyrpv",
  "fields": {
    "session_data": ".eJxVjEEOwiAQRe_C2hAoDBSX7j0DGZhBqoYmpV0Z765NutDtf-_9l4i4rTVunZc4kTgLLU6_W8L84LYDumO7zTLPbV2mJHdFHrTL60z8vBzu30HFXr-1ImVgJERS7HKmBBgGYO0GywaKGRlDINZsQ3bMBlWxBRwH8g7Qe_H-AAJ0OKE:1qiHct:l0dPzsxnejYqfCE9lyLswY_NpCuQQmEWA56TbHg2Kpw",
    "expire_date": "2023-10-02T17:01:35.270Z"
  }
},
{
  "model": "sessions.session",
  "pk": "a0qvt884pxt1lopj52dpds5f3m99jmdr",
  "fields": {
    "session_data": ".eJxVjEEOwiAQRe_C2hBg6AAu3XsGMjBUqoYmpV0Z765NutDtf-_9l4i0rTVuvSxxYnEWWpx-t0T5UdoO-E7tNss8t3WZktwVedAurzOX5-Vw_w4q9fqtwaMbB83ZDegzBlVSyOCYUHkG1iMar5mKTQAGLWnDzmRlKSjHnEC8P9WiN58:1qoe4T:9e2-RcakcBBwfjhXa7X3Li-4ez-K-ZB1Po0RcMB-x7s",
    "expire_date": "2023-10-20T06:12:21.420Z"
  }
},
{
  "model": "blog.post",
  "pk": 1,
  "fields": {
    "title": "Scooby Doo Meets the Boo Brothers",
    "slug": "scooby-doo-meets-the-boo-brothers",
    "author": 1,
    "body": "Scooby-Doo Meets the Boo Brothers is a 1987 animated comedy horror made-for-television film produced by Hanna-Barbera as part of the Hanna-Barbera Superstars 10 series.[3] The two-hour film aired in syndication.[4]",
    "publish": "1987-10-18T18:12:16Z",
    "created": "2023-09-29T18:12:25.501Z",
    "updated": "2023-10-14T08:39:21.453Z",
    "status": "PB"
  }
},
{
  "model": "blog.post",
  "pk": 2,
  "fields": {
    "title": "Scooby Doo and the Ghoul School",
    "slug": "scooby-doo-and-the-ghoul-gchool",
    "author": 1,
    "body": "Scooby-Doo, Shaggy, and Scrappy-Doo are on their way to Miss Grimwood's Finishing School for Girls, where they have been hired as gym teachers. However, once there, they find that it is actually a school for daughters of paranormal beings.",
    "publish": "1988-10-16T06:48:42Z",
    "created": "2023-10-06T06:49:54.759Z",
    "updated": "2023-10-14T08:38:33.521Z",
    "status": "PB"
  }
},
{
  "model": "blog.post",
  "pk": 3,
  "fields": {
    "title": "Scooby Doo! and the Relctant Werewolf",
    "slug": "scooby-doo-and-the-relctant-werewolf",
    "author": 1,
    "body": "Scooby-Doo! and the Reluctant Werewolf is a 1988 animated comedy horror made-for-television film produced by Hanna-Barbera for syndication as part of the Hanna-Barbera Superstars 10 series.[3] It marked Scrappy-Doo's last appearance as a protagonist in the Scooby-Doo franchise to date; he would not appear in a Scooby-Doo production again until the live-action Scooby-Doo film in 2002. It is also the last appearance of Shaggy's outfit from The 13 Ghosts of Scooby-Doo until Scooby-Doo and the Cyber Chase.",
    "publish": "1988-11-13T07:09:21Z",
    "created": "2023-10-06T07:09:54.090Z",
    "updated": "2023-10-14T08:40:09.065Z",
    "status": "PB"
  }
},
{
  "model": "blog.post",
  "pk": 4,
  "fields": {
    "title": "Scooby Doo on Zombie Island",
    "slug": "scooby-doo-on-zombie-island",
    "author": 1,
    "body": "Scooby-Doo on Zombie Island is a 1998 American direct-to-video animated mystery comedy horror film based on the Scooby-Doo franchise. In the film, Shaggy, Scooby, Fred, Velma and Daphne reunite after a year-long hiatus from Mystery, Inc. to investigate a bayou island said to be haunted by the ghost of the pirate Morgan Moonscar. The film was directed by Jim Stenstrum, from a screenplay by Glenn Leopold.",
    "publish": "1998-09-22T05:24:11Z",
    "created": "2023-10-08T05:24:59.252Z",
    "updated": "2023-10-14T08:40:16.966Z",
    "status": "PB"
  }
},
{
  "model": "blog.post",
  "pk": 5,
  "fields": {
    "title": "Scooby Doo! Camp Scare",
    "slug": "scooby-doo-camp-scare",
    "author": 1,
    "body": "Scooby-Doo and the gang travel to Camp Little Moose, Fred's old summer camp, to serve as camp counselors for the summer. However, on arrival, they find the camp empty, except for Burt, the head counselor, and the local forest ranger, John Knudsen. They learn that one of the camp's old legends, the Woodsman, has seemingly come to life and scared the kids away. Burt is about to listen to Knudsen's advice to close the camp when three kids, Luke, Trudy, and Deacon, arrive. Fred convinces Burt to keep the camp open while the gang figure out what is going on. That night, the camp attacked by the Woodsman, who orders everyone to leave.",
    "publish": "2010-09-14T05:25:02Z",
    "created": "2023-10-08T05:25:55.555Z",
    "updated": "2023-10-14T08:40:24.970Z",
    "status": "PB"
  }
},
{
  "model": "blog.post",
  "pk": 6,
  "fields": {
    "title": "Markdown post",
    "slug": "markdown-post",
    "author": 1,
    "body": "This is a post formatted with markdown\r\n--------------------------------------\r\n\r\n*This is emphasized* and **this is more emphasized**.\r\n\r\nHere is a list:\r\n\r\n* One\r\n* Two\r\n* Three\r\n\r\nAnd a [link to the Django website](https://www.djangoproject.com/)",
    "publish": "2023-10-18T17:14:12Z",
    "created": "2023-10-18T17:15:49.908Z",
    "updated": "2023-10-18T17:17:28.361Z",
    "status": "PB"
  }
},
{
  "model": "blog.comment",
  "pk": 4,
  "fields": {
    "post": 4,
    "name": "Test",
    "email": "Test@gmail.com",
    "body": "Testing the comments!",
    "created": "2023-10-14T10:49:32.697Z",
    "updated": "2023-10-14T10:49:32.697Z",
    "active": true
  }
},
{
  "model": "blog.comment",
  "pk": 5,
  "fields": {
    "post": 5,
    "name": "khalid",
    "email": "k@k.kkk",
    "body": "Nice.",
    "created": "2023-10-18T16:44:07.162Z",
    "updated": "2023-10-18T16:44:07.162Z",
    "active": true
  }
},
{
  "model": "taggit.tag",
  "pk": 1,
  "fields": {
    "name": "tt",
    "slug": "tt"
  }
},
{
  "model": "taggit.tag",
  "pk": 2,
  "fields": {
    "name": "jj",
    "slug": "jj"
  }
},
{
  "model": "taggit.tag",
  "pk": 3,
  "fields": {
    "name": "ss",
    "slug": "ss"
  }
},
{
  "model": "taggit.tag",
  "pk": 4,
  "fields": {
    "name": "yy",
    "slug": "yy"
  }
},
{
  "model": "taggit.tag",
  "pk": 5,
  "fields": {
    "name": "the",
    "slug": "the"
  }
},
{
  "model": "taggit.tag",
  "pk": 6,
  "fields": {
    "name": "Meets",
    "slug": "meets"
  }
},
{
  "model": "taggit.tag",
  "pk": 7,
  "fields": {
    "name": "“Scooby",
    "slug": "scooby"
  }
},
{
  "model": "taggit.tag",
  "pk": 8,
  "fields": {
    "name": "Boo",
    "slug": "boo"
  }
},
{
  "model": "taggit.tag",
  "pk": 9,
  "fields": {
    "name": "Doo",
    "slug": "doo"
  }
},
{
  "model": "taggit.tag",
  "pk": 10,
  "fields": {
    "name": "Brothers”",
    "slug": "brothers"
  }
},
{
  "model": "taggit.tag",
  "pk": 11,
  "fields": {
    "name": "School”",
    "slug": "school"
  }
},
{
  "model": "taggit.tag",
  "pk": 12,
  "fields": {
    "name": "and",
    "slug": "and"
  }
},
{
  "model": "taggit.tag",
  "pk": 13,
  "fields": {
    "name": "Ghoul",
    "slug": "ghoul"
  }
},
{
  "model": "taggit.tag",
  "pk": 14,
  "fields": {
    "name": "Doo!",
    "slug": "doo_1"
  }
},
{
  "model": "taggit.tag",
  "pk": 15,
  "fields": {
    "name": "Relctant",
    "slug": "relctant"
  }
},
{
  "model": "taggit.tag",
  "pk": 16,
  "fields": {
    "name": "Werewolf”",
    "slug": "werewolf"
  }
},
{
  "model": "taggit.tag",
  "pk": 17,
  "fields": {
    "name": "on",
    "slug": "on"
  }
},
{
  "model": "taggit.tag",
  "pk": 18,
  "fields": {
    "name": "Zombie",
    "slug": "zombie"
  }
},
{
  "model": "taggit.tag",
  "pk": 19,
  "fields": {
    "name": "Island”",
    "slug": "island"
  }
},
{
  "model": "taggit.tag",
  "pk": 20,
  "fields": {
    "name": "Camp",
    "slug": "camp"
  }
},
{
  "model": "taggit.tag",
  "pk": 21,
  "fields": {
    "name": "Scare”",
    "slug": "scare"
  }
},
{
  "model": "taggit.tag",
  "pk": 22,
  "fields": {
    "name": "music",
    "slug": "music"
  }
},
{
  "model": "taggit.tag",
  "pk": 23,
  "fields": {
    "name": "movie",
    "slug": "movie"
  }
},
{
  "model": "taggit.tag",
  "pk": 24,
  "fields": {
    "name": "jazz",
    "slug": "jazz"
  }
},
{
  "model": "taggit.tag",
  "pk": 25,
  "fields": {
    "name": "Brothers",
    "slug": "brothers_1"
  }
},
{
  "model": "taggit.tag",
  "pk": 26,
  "fields": {
    "name": "Scare",
    "slug": "scare_1"
  }
},
{
  "model": "taggit.tag",
  "pk": 27,
  "fields": {
    "name": "Island",
    "slug": "island_1"
  }
},
{
  "model": "taggit.tag",
  "pk": 28,
  "fields": {
    "name": "School",
    "slug": "school_1"
  }
},
{
  "model": "taggit.tag",
  "pk": 29,
  "fields": {
    "name": "Werewolf",
    "slug": "werewolf_1"
  }
},
{
  "model": "taggit.tag",
  "pk": 30,
  "fields": {
    "name": "markdown",
    "slug": "markdown"
  }
},
{
  "model": "taggit.taggeditem",
  "pk": 16,
  "fields": {
    "tag": 13,
    "content_type": 7,
    "object_id": 2
  }
},
{
  "model": "taggit.taggeditem",
  "pk": 21,
  "fields": {
    "tag": 15,
    "content_type": 7,
    "object_id": 3
  }
},
{
  "model": "taggit.taggeditem",
  "pk": 28,
  "fields": {
    "tag": 20,
    "content_type": 7,
    "object_id": 5
  }
},
{
  "model": "taggit.taggeditem",
  "pk": 37,
  "fields": {
    "tag": 8,
    "content_type": 7,
    "object_id": 1
  }
},
{
  "model": "taggit.taggeditem",
  "pk": 38,
  "fields": {
    "tag": 25,
    "content_type": 7,
    "object_id": 1
  }
},
{
  "model": "taggit.taggeditem",
  "pk": 39,
  "fields": {
    "tag": 26,
    "content_type": 7,
    "object_id": 5
  }
},
{
  "model": "taggit.taggeditem",
  "pk": 40,
  "fields": {
    "tag": 18,
    "content_type": 7,
    "object_id": 4
  }
},
{
  "model": "taggit.taggeditem",
  "pk": 41,
  "fields": {
    "tag": 27,
    "content_type": 7,
    "object_id": 4
  }
},
{
  "model": "taggit.taggeditem",
  "pk": 42,
  "fields": {
    "tag": 28,
    "content_type": 7,
    "object_id": 2
  }
},
{
  "model": "taggit.taggeditem",
  "pk": 43,
  "fields": {
    "tag": 29,
    "content_type": 7,
    "object_id": 3
  }
},
{
  "model": "taggit.taggeditem",
  "pk": 44,
  "fields": {
    "tag": 30,
    "content_type": 7,
    "object_id": 6
  }
},
{
  "model": "sites.site",
  "pk": 1,
  "fields": {
    "domain": "localhost:8000",
    "name": "localhost:8000"
  }
}
]
